/*
MySQL Backup
Database: aiopms
Backup Time: 2017-11-01 17:22:12
*/

SET FOREIGN_KEY_CHECKS=0;
DROP TABLE IF EXISTS `aiopms`.`pms_albums`;
DROP TABLE IF EXISTS `aiopms`.`pms_albums_comment`;
DROP TABLE IF EXISTS `aiopms`.`pms_albums_laud`;
DROP TABLE IF EXISTS `aiopms`.`pms_departs`;
DROP TABLE IF EXISTS `aiopms`.`pms_groups`;
DROP TABLE IF EXISTS `aiopms`.`pms_groups_permission`;
DROP TABLE IF EXISTS `aiopms`.`pms_groups_user`;
DROP TABLE IF EXISTS `aiopms`.`pms_knowledges`;
DROP TABLE IF EXISTS `aiopms`.`pms_knowledges_comment`;
DROP TABLE IF EXISTS `aiopms`.`pms_knowledges_laud`;
DROP TABLE IF EXISTS `aiopms`.`pms_knowledges_sort`;
DROP TABLE IF EXISTS `aiopms`.`pms_leaves`;
DROP TABLE IF EXISTS `aiopms`.`pms_messages`;
DROP TABLE IF EXISTS `aiopms`.`pms_notices`;
DROP TABLE IF EXISTS `aiopms`.`pms_permissions`;
DROP TABLE IF EXISTS `aiopms`.`pms_positions`;
DROP TABLE IF EXISTS `aiopms`.`pms_projects`;
DROP TABLE IF EXISTS `aiopms`.`pms_projects_doc`;
DROP TABLE IF EXISTS `aiopms`.`pms_projects_needs`;
DROP TABLE IF EXISTS `aiopms`.`pms_projects_task`;
DROP TABLE IF EXISTS `aiopms`.`pms_projects_task_log`;
DROP TABLE IF EXISTS `aiopms`.`pms_projects_team`;
DROP TABLE IF EXISTS `aiopms`.`pms_projects_test`;
DROP TABLE IF EXISTS `aiopms`.`pms_projects_test_log`;
DROP TABLE IF EXISTS `aiopms`.`pms_projects_version`;
DROP TABLE IF EXISTS `aiopms`.`pms_users`;
DROP TABLE IF EXISTS `aiopms`.`pms_users_permissions`;
DROP TABLE IF EXISTS `aiopms`.`pms_users_profile`;
CREATE TABLE `pms_albums` (
  `albumid` bigint(20) NOT NULL,
  `userid` bigint(20) DEFAULT NULL,
  `title` varchar(255) NOT NULL DEFAULT '' COMMENT '文章标题',
  `picture` varchar(255) DEFAULT '' COMMENT 'Picture',
  `keywords` varchar(2550) DEFAULT '' COMMENT '关键词',
  `summary` varchar(255) DEFAULT '',
  `created` int(10) DEFAULT '0' COMMENT '发布时间',
  `viewnum` int(10) DEFAULT '0' COMMENT '阅读数',
  `comtnum` int(10) DEFAULT '0' COMMENT '评论数',
  `laudnum` int(10) DEFAULT '0' COMMENT '赞数',
  `status` tinyint(1) DEFAULT '1' COMMENT '状态: 1发布0屏蔽',
  PRIMARY KEY (`albumid`),
  KEY `INDEX_TCVS` (`userid`,`title`,`created`,`viewnum`,`status`) USING BTREE
) ENGINE=MyISAM DEFAULT CHARSET=utf8 COMMENT='相册表';
CREATE TABLE `pms_albums_comment` (
  `comtid` bigint(20) NOT NULL,
  `userid` bigint(20) DEFAULT NULL,
  `albumid` bigint(20) DEFAULT NULL,
  `content` varchar(255) DEFAULT NULL,
  `created` int(10) DEFAULT NULL,
  `status` tinyint(1) DEFAULT '1' COMMENT '1正常2屏蔽',
  PRIMARY KEY (`comtid`),
  KEY `INDEX_UKCS` (`userid`,`albumid`,`created`,`status`)
) ENGINE=MyISAM DEFAULT CHARSET=utf8 COMMENT='相册评论表';
CREATE TABLE `pms_albums_laud` (
  `laudid` bigint(20) NOT NULL,
  `userid` bigint(20) DEFAULT NULL,
  `albumid` bigint(20) DEFAULT NULL,
  `created` int(10) DEFAULT NULL,
  `status` tinyint(1) DEFAULT '1' COMMENT '1正常2屏蔽',
  PRIMARY KEY (`laudid`),
  KEY `INDEX_UKCS` (`userid`,`albumid`,`created`,`status`)
) ENGINE=MyISAM DEFAULT CHARSET=utf8 COMMENT='相册点赞表';
CREATE TABLE `pms_departs` (
  `departid` bigint(20) NOT NULL COMMENT '部门ID',
  `name` varchar(30) DEFAULT NULL COMMENT '名称',
  `desc` varchar(255) DEFAULT NULL COMMENT '描述',
  `status` tinyint(1) DEFAULT '1' COMMENT '1正常2屏蔽',
  PRIMARY KEY (`departid`),
  KEY `INDEX_NS` (`name`,`status`)
) ENGINE=MyISAM DEFAULT CHARSET=utf8 COMMENT='部门表';
CREATE TABLE `pms_groups` (
  `groupid` bigint(20) NOT NULL,
  `name` varchar(30) DEFAULT NULL COMMENT '组名称',
  `summary` varchar(500) DEFAULT NULL COMMENT '组描述',
  `created` int(10) DEFAULT NULL,
  `changed` int(10) DEFAULT NULL,
  PRIMARY KEY (`groupid`),
  KEY `INDEX_NCC` (`name`,`created`,`changed`)
) ENGINE=InnoDB DEFAULT CHARSET=utf8 COMMENT='组成员表';
CREATE TABLE `pms_groups_permission` (
  `id` bigint(20) NOT NULL,
  `groupid` bigint(20) DEFAULT NULL,
  `permissionid` bigint(20) DEFAULT NULL,
  PRIMARY KEY (`id`),
  KEY `INDEX_GP` (`groupid`,`permissionid`)
) ENGINE=InnoDB DEFAULT CHARSET=utf8 COMMENT='组权限表';
CREATE TABLE `pms_groups_user` (
  `id` bigint(20) NOT NULL,
  `groupid` bigint(20) DEFAULT NULL,
  `userid` bigint(20) DEFAULT NULL,
  PRIMARY KEY (`id`),
  KEY `INDEX_GU` (`groupid`,`userid`)
) ENGINE=InnoDB DEFAULT CHARSET=utf8 COMMENT='组成员';
CREATE TABLE `pms_knowledges` (
  `knowid` bigint(20) NOT NULL,
  `userid` bigint(20) DEFAULT NULL COMMENT '用户ID',
  `sortid` bigint(20) DEFAULT NULL COMMENT '分类ID',
  `title` varchar(100) DEFAULT NULL COMMENT '标题',
  `tag` varchar(100) DEFAULT NULL COMMENT '标签',
  `summary` varchar(255) DEFAULT NULL COMMENT '简介',
  `url` varchar(255) DEFAULT NULL COMMENT 'URL',
  `color` varchar(10) DEFAULT NULL COMMENT '标题颜色',
  `content` text COMMENT '正文',
  `viewnum` int(10) DEFAULT '0' COMMENT '浏览数',
  `comtnum` int(10) DEFAULT '0' COMMENT '评论数',
  `laudnum` int(10) DEFAULT '0' COMMENT '赞数',
  `ispublis` tinyint(1) DEFAULT '1' COMMENT '1发布2草稿',
  `status` tinyint(1) DEFAULT '1' COMMENT '1正常2屏蔽',
  `created` int(10) DEFAULT NULL,
  `changed` int(10) DEFAULT NULL,
  PRIMARY KEY (`knowid`),
  KEY `INDEX_UALL` (`userid`,`sortid`,`title`,`tag`,`viewnum`,`ispublis`,`status`)
) ENGINE=MyISAM DEFAULT CHARSET=utf8 COMMENT='知识分享表';
CREATE TABLE `pms_knowledges_comment` (
  `comtid` bigint(20) NOT NULL,
  `userid` bigint(20) DEFAULT NULL,
  `knowid` bigint(20) DEFAULT NULL,
  `content` varchar(255) DEFAULT NULL,
  `created` int(10) DEFAULT NULL,
  `status` tinyint(1) DEFAULT '1' COMMENT '1正常2屏蔽',
  PRIMARY KEY (`comtid`),
  KEY `INDEX_UKCS` (`userid`,`knowid`,`created`,`status`)
) ENGINE=MyISAM DEFAULT CHARSET=utf8 COMMENT='知识评论表';
CREATE TABLE `pms_knowledges_laud` (
  `laudid` bigint(20) NOT NULL,
  `userid` bigint(20) DEFAULT NULL,
  `knowid` bigint(20) DEFAULT NULL,
  `created` int(10) DEFAULT NULL,
  `status` tinyint(1) DEFAULT '1' COMMENT '1正常2屏蔽',
  PRIMARY KEY (`laudid`),
  KEY `INDEX_UKCS` (`userid`,`knowid`,`created`,`status`)
) ENGINE=MyISAM DEFAULT CHARSET=utf8 COMMENT='知识点赞表';
CREATE TABLE `pms_knowledges_sort` (
  `sortid` bigint(20) NOT NULL,
  `name` varchar(30) DEFAULT NULL COMMENT '名称',
  `desc` varchar(255) DEFAULT NULL COMMENT '描述',
  `status` tinyint(1) DEFAULT '1' COMMENT '1显示，0屏蔽',
  PRIMARY KEY (`sortid`),
  KEY `INDEX_NS` (`name`,`status`)
) ENGINE=MyISAM DEFAULT CHARSET=utf8 COMMENT='知识分享分类表';
CREATE TABLE `pms_leaves` (
  `leaveid` bigint(20) NOT NULL,
  `userid` bigint(20) DEFAULT NULL COMMENT '请假人',
  `type` tinyint(1) DEFAULT NULL COMMENT '1事假2病假3年假4调休5婚假6产假7陪产假8路途假9其他',
  `started` int(10) DEFAULT NULL COMMENT '开始时间',
  `ended` int(10) DEFAULT NULL COMMENT '结束时间',
  `days` float DEFAULT NULL COMMENT '请假天数',
  `reason` varchar(500) DEFAULT NULL COMMENT '原因',
  `picture` varchar(100) DEFAULT NULL COMMENT '图片',
  `result` tinyint(1) DEFAULT NULL COMMENT '1同意2拒绝',
  `status` tinyint(1) DEFAULT '1' COMMENT '1草稿2正常发布',
  `approverids` varchar(200) DEFAULT NULL COMMENT '审批人串',
  `created` int(10) DEFAULT NULL,
  `changed` int(10) DEFAULT NULL,
  PRIMARY KEY (`leaveid`),
  KEY `INDEX_UTC` (`userid`,`type`,`created`,`changed`,`result`)
) ENGINE=InnoDB DEFAULT CHARSET=utf8 COMMENT='请假表';
CREATE TABLE `pms_messages` (
  `msgid` bigint(20) NOT NULL,
  `userid` bigint(20) DEFAULT NULL,
  `touserid` bigint(20) DEFAULT NULL,
  `type` tinyint(2) DEFAULT NULL COMMENT '类型1评论2赞3审批',
  `subtype` tinyint(3) DEFAULT NULL COMMENT '11知识评论12相册评论21知识赞22相册赞31请假审批32加班33报销34出差35外出36物品',
  `title` varchar(200) DEFAULT NULL,
  `url` varchar(200) DEFAULT NULL,
  `view` tinyint(1) DEFAULT '1' COMMENT '1未看，2已看',
  `created` int(10) DEFAULT NULL,
  PRIMARY KEY (`msgid`)
) ENGINE=InnoDB DEFAULT CHARSET=utf8 COMMENT=' 消息表';
CREATE TABLE `pms_notices` (
  `noticeid` bigint(20) NOT NULL,
  `title` varchar(100) DEFAULT NULL,
  `content` text,
  `created` int(10) DEFAULT NULL,
  `status` tinyint(1) DEFAULT NULL,
  PRIMARY KEY (`noticeid`),
  KEY `INDEX_TCS` (`title`,`created`,`status`)
) ENGINE=InnoDB DEFAULT CHARSET=utf8 COMMENT='公告通知表';
CREATE TABLE `pms_permissions` (
  `permissionid` bigint(20) NOT NULL,
  `parentid` bigint(20) DEFAULT NULL,
  `name` varchar(50) DEFAULT NULL COMMENT '中文名称',
  `ename` varchar(50) DEFAULT NULL COMMENT '英文名称',
  `icon` varchar(20) DEFAULT NULL,
  `nav` tinyint(1) DEFAULT '0' COMMENT '1是0否导航',
  `type` tinyint(1) DEFAULT '0' COMMENT '0不显示1显示',
  `weight` tinyint(4) DEFAULT '0',
  PRIMARY KEY (`permissionid`),
  KEY `INDEX_PNETW` (`parentid`,`name`,`ename`,`type`,`weight`) USING BTREE
) ENGINE=InnoDB DEFAULT CHARSET=utf8 COMMENT='权限表';
CREATE TABLE `pms_positions` (
  `positionid` bigint(20) NOT NULL COMMENT '部门ID',
  `name` varchar(30) DEFAULT NULL COMMENT '名称',
  `desc` varchar(255) DEFAULT NULL COMMENT '描述',
  `status` tinyint(1) DEFAULT '1' COMMENT '1正常2屏蔽',
  PRIMARY KEY (`positionid`),
  KEY `INDEX_NS` (`name`,`status`)
) ENGINE=MyISAM DEFAULT CHARSET=utf8 COMMENT='部门表';
CREATE TABLE `pms_projects` (
  `projectid` bigint(20) NOT NULL,
  `userid` bigint(20) DEFAULT NULL COMMENT '创建人',
  `name` varchar(100) DEFAULT NULL COMMENT '项目名称',
  `aliasname` varchar(100) DEFAULT NULL COMMENT '项目别名代号',
  `started` int(10) DEFAULT NULL COMMENT '开始时间',
  `ended` int(10) DEFAULT NULL COMMENT '结束时间',
  `desc` text COMMENT '描述',
  `created` int(10) DEFAULT NULL COMMENT '添加日期',
  `status` tinyint(1) DEFAULT '1' COMMENT '1挂起中,2延期中,3进行中,4结束',
  `projuserid` bigint(20) DEFAULT NULL COMMENT '项目负责人',
  `produserid` bigint(20) DEFAULT NULL COMMENT '产品负责人',
  `testuserid` bigint(20) DEFAULT NULL COMMENT '测试负责人',
  `publuserid` bigint(20) DEFAULT NULL COMMENT '发布负责人',
  PRIMARY KEY (`projectid`),
  KEY `INDEX_UNCS` (`userid`,`name`,`created`,`status`)
) ENGINE=MyISAM DEFAULT CHARSET=utf8 COMMENT='项目表';
CREATE TABLE `pms_projects_doc` (
  `docid` bigint(20) NOT NULL,
  `projectid` bigint(20) DEFAULT NULL,
  `userid` bigint(20) DEFAULT NULL,
  `title` varchar(100) DEFAULT NULL,
  `keyword` varchar(255) DEFAULT NULL,
  `sort` tinyint(1) DEFAULT '1' COMMENT '1正文2链接',
  `content` text,
  `url` varchar(255) DEFAULT NULL,
  `attachment` varchar(255) DEFAULT NULL,
  `created` int(10) DEFAULT NULL,
  `changed` int(10) DEFAULT NULL,
  PRIMARY KEY (`docid`),
  KEY `INDEX_PUTK` (`projectid`,`userid`,`title`,`keyword`)
) ENGINE=InnoDB DEFAULT CHARSET=utf8 COMMENT='项目文档表';
CREATE TABLE `pms_projects_needs` (
  `needsid` bigint(20) NOT NULL,
  `projectid` bigint(20) DEFAULT NULL COMMENT '项目ID',
  `userid` bigint(20) DEFAULT NULL COMMENT '创建人',
  `name` varchar(100) DEFAULT NULL COMMENT '需求名称',
  `desc` text COMMENT '描述',
  `acceptid` bigint(20) DEFAULT NULL COMMENT '指派人userid',
  `source` tinyint(2) DEFAULT '0' COMMENT '来源1客户,2用户,3产品经理,4市场,5客服,6竞争对手,7合作伙伴,8开发人员,9测试人员,10其他',
  `acceptance` text COMMENT '验收标准',
  `level` tinyint(1) DEFAULT '4' COMMENT '优先级1,2,3,4',
  `tasktime` tinyint(4) DEFAULT NULL COMMENT '预计工时',
  `attachment` varchar(255) DEFAULT NULL COMMENT '附件',
  `created` int(10) DEFAULT NULL,
  `changed` int(10) DEFAULT NULL,
  `stage` tinyint(1) unsigned DEFAULT '1' COMMENT '1未开始,2已计划,3已立项,4研发中,5研发完毕,6测试中,7测试完毕,8已验收,9已发布',
  `status` tinyint(1) DEFAULT '1' COMMENT '1草稿，2激活，3已变更，4待关闭，5已关闭',
  PRIMARY KEY (`needsid`),
  KEY `INDEX_PUNC` (`projectid`,`userid`,`name`,`created`)
) ENGINE=MyISAM DEFAULT CHARSET=utf8 COMMENT='项目需求表';
CREATE TABLE `pms_projects_task` (
  `taskid` bigint(20) NOT NULL,
  `needsid` bigint(20) DEFAULT NULL,
  `userid` bigint(20) DEFAULT NULL COMMENT '创建人',
  `projectid` bigint(20) DEFAULT NULL COMMENT '项目ID',
  `acceptid` bigint(20) DEFAULT NULL COMMENT '任务接受人ID',
  `ccid` varchar(100) DEFAULT NULL COMMENT '抄送给',
  `completeid` bigint(20) DEFAULT NULL COMMENT '完成者id',
  `name` varchar(100) DEFAULT NULL COMMENT '任务名称',
  `desc` text COMMENT '描述',
  `note` text COMMENT '备注',
  `type` tinyint(1) DEFAULT '8' COMMENT '任务类型1设计,2开发,3测试,4研究,5讨论,6界面,7事务,8其他',
  `level` tinyint(1) DEFAULT '4' COMMENT '优先级1,2,3,4',
  `tasktime` tinyint(4) DEFAULT NULL COMMENT '预计工时',
  `ended` int(10) DEFAULT NULL COMMENT '截止日期',
  `started` int(10) DEFAULT NULL COMMENT '预计开始时间',
  `attachment` varchar(255) DEFAULT NULL COMMENT '附件',
  `created` int(10) DEFAULT NULL,
  `changed` int(10) DEFAULT NULL,
  `status` tinyint(1) DEFAULT '1' COMMENT '1未开始,2进行中,3已完成,4已暂停,5已取消,6已关闭',
  `closeid` bigint(20) DEFAULT NULL COMMENT '关闭者ID',
  `cancelid` bigint(20) DEFAULT NULL COMMENT '取消者ID',
  PRIMARY KEY (`taskid`),
  KEY `INDEX_NSPACS` (`needsid`,`userid`,`projectid`,`acceptid`,`created`,`status`)
) ENGINE=MyISAM DEFAULT CHARSET=utf8 COMMENT='项目需求任务表';
CREATE TABLE `pms_projects_task_log` (
  `id` bigint(20) DEFAULT NULL,
  `taskid` bigint(20) DEFAULT NULL,
  `userid` bigint(20) DEFAULT NULL COMMENT '操作人',
  `note` text,
  `created` int(10) DEFAULT NULL
) ENGINE=InnoDB DEFAULT CHARSET=utf8 COMMENT='任务日志表';
CREATE TABLE `pms_projects_team` (
  `id` bigint(20) NOT NULL,
  `projectid` bigint(20) DEFAULT NULL COMMENT '项目ID',
  `userid` bigint(20) DEFAULT NULL COMMENT '成员ID',
  `created` int(10) DEFAULT NULL,
  PRIMARY KEY (`id`),
  KEY `INDEX_PU` (`projectid`,`userid`)
) ENGINE=MyISAM DEFAULT CHARSET=utf8 COMMENT='项目成员表';
CREATE TABLE `pms_projects_test` (
  `testid` bigint(20) NOT NULL,
  `taskid` bigint(20) DEFAULT NULL,
  `needsid` bigint(20) DEFAULT NULL,
  `userid` bigint(20) DEFAULT NULL COMMENT '创建人',
  `projectid` bigint(20) DEFAULT NULL COMMENT '项目ID',
  `acceptid` bigint(20) DEFAULT NULL COMMENT '任务接受人ID',
  `completeid` bigint(20) DEFAULT NULL COMMENT '完成者uid',
  `ccid` varchar(100) DEFAULT NULL COMMENT '抄送者',
  `name` varchar(100) DEFAULT NULL COMMENT 'bug名称',
  `desc` text COMMENT '描述',
  `level` tinyint(1) DEFAULT '4' COMMENT '优先级1,2,3,4',
  `os` varchar(20) DEFAULT NULL COMMENT '操作系统',
  `browser` varchar(20) DEFAULT NULL COMMENT '浏览器',
  `attachment` varchar(255) DEFAULT NULL COMMENT '附件',
  `completed` int(10) DEFAULT NULL COMMENT '解决日期',
  `created` int(10) NOT NULL,
  `changed` int(10) DEFAULT NULL,
  `status` tinyint(1) DEFAULT '0' COMMENT '解决方案:1设计如此,2重复Bug,3外部原因,4已解决,5无法重现,6延期处理,7不予解决',
  PRIMARY KEY (`testid`),
  KEY `INDEX_TNUPAC` (`taskid`,`needsid`,`userid`,`projectid`,`acceptid`,`created`,`status`)
) ENGINE=MyISAM DEFAULT CHARSET=utf8 COMMENT='项目任务bug表';
CREATE TABLE `pms_projects_test_log` (
  `id` bigint(20) DEFAULT NULL,
  `testid` bigint(20) DEFAULT NULL,
  `userid` bigint(20) DEFAULT NULL COMMENT '操作人',
  `note` text,
  `created` int(10) DEFAULT NULL
) ENGINE=InnoDB DEFAULT CHARSET=utf8 COMMENT='测试Bug日志表';
CREATE TABLE `pms_projects_version` (
  `versionid` bigint(20) NOT NULL,
  `projectid` bigint(20) DEFAULT NULL,
  `userid` bigint(20) DEFAULT NULL,
  `title` varchar(100) DEFAULT NULL,
  `versioned` int(10) DEFAULT NULL COMMENT '打包日期',
  `content` text,
  `sourceurl` varchar(255) DEFAULT NULL COMMENT '源代码',
  `downurl` varchar(255) DEFAULT NULL COMMENT '下载地址',
  `attachment` varchar(255) DEFAULT NULL,
  `created` int(10) DEFAULT NULL,
  `changed` int(10) DEFAULT NULL,
  PRIMARY KEY (`versionid`),
  KEY `INDEX_PUT` (`projectid`,`userid`,`title`)
) ENGINE=InnoDB DEFAULT CHARSET=utf8 COMMENT='项目版本表';
CREATE TABLE `pms_users` (
  `userid` bigint(20) NOT NULL,
  `profile_id` bigint(20) DEFAULT NULL,
  `username` varchar(15) DEFAULT NULL COMMENT '用户名',
  `password` varchar(255) DEFAULT NULL COMMENT '密码',
  `avatar` varchar(100) DEFAULT NULL,
  `status` tinyint(1) DEFAULT '1' COMMENT '状态1正常，2屏蔽',
  PRIMARY KEY (`userid`),
  KEY `INDEX_US` (`username`,`status`)
) ENGINE=InnoDB DEFAULT CHARSET=utf8 COMMENT='用户主表';
CREATE TABLE `pms_users_permissions` (
  `userid` bigint(20) NOT NULL,
  `permission` varchar(5000) DEFAULT NULL,
  `model` varchar(5000) DEFAULT NULL,
  `modelc` varchar(5000) DEFAULT NULL,
  PRIMARY KEY (`userid`)
) ENGINE=InnoDB DEFAULT CHARSET=utf8 COMMENT='用户权限表（已弃用）';
CREATE TABLE `pms_users_profile` (
  `userid` bigint(20) NOT NULL,
  `realname` varchar(15) DEFAULT NULL COMMENT '姓名',
  `sex` tinyint(1) DEFAULT '1' COMMENT '1男2女',
  `birth` varchar(15) DEFAULT NULL,
  `email` varchar(30) DEFAULT NULL COMMENT '邮箱',
  `webchat` varchar(15) DEFAULT NULL COMMENT '微信号',
  `qq` varchar(15) DEFAULT NULL COMMENT 'qq号',
  `phone` varchar(15) DEFAULT NULL COMMENT '手机',
  `tel` varchar(20) DEFAULT NULL COMMENT '电话',
  `address` varchar(100) DEFAULT NULL COMMENT '地址',
  `emercontact` varchar(15) DEFAULT NULL COMMENT '紧急联系人',
  `emerphone` varchar(15) DEFAULT NULL COMMENT '紧急电话',
  `departid` bigint(20) DEFAULT NULL COMMENT '部门ID',
  `positionid` bigint(20) DEFAULT NULL COMMENT '职位id',
  `lognum` int(10) DEFAULT '0' COMMENT '登录次数',
  `ip` varchar(15) DEFAULT NULL COMMENT '最近登录IP',
  `lasted` int(10) DEFAULT NULL COMMENT '最近登录时间',
  PRIMARY KEY (`userid`),
  KEY `INDEX_RSL` (`realname`,`sex`,`lasted`)
) ENGINE=InnoDB DEFAULT CHARSET=utf8 COMMENT='用户详情表';
BEGIN;
LOCK TABLES `aiopms`.`pms_albums` WRITE;
DELETE FROM `aiopms`.`pms_albums`;
INSERT INTO `aiopms`.`pms_albums` (`albumid`,`userid`,`title`,`picture`,`keywords`,`summary`,`created`,`viewnum`,`comtnum`,`laudnum`,`status`) VALUES (66621261991645184, 1461312703628858832, '海边漫步', '/static/uploadfile/2017-3/28/f739b6c6351a82a4953d8d8b44cd426d.jpg', '', '我想知道相片背后的故事', 1490686634, 1, 0, 0, 1),(66621261995839488, 1461312703628858832, '那一处', '/static/uploadfile/2017-3/28/eac2a34d2cd6f3d0df1b233a0f589bce.jpg', '', '我想知道相片背后的故事', 1490686634, 2, 0, 0, 1),(66621262004228096, 1461312703628858832, '那个镇', '/static/uploadfile/2017-3/28/6b4b9957ffbd6ec1c8515025fba39818.jpg', '', '我想知道相片背后的故事', 1490686634, 1, 0, 0, 1),(66621262008422400, 1461312703628858832, '满上遍野', '/static/uploadfile/2017-3/28/48b77d930cb7a02824874ed9c6be434c.jpg', '', '我想知道相片背后的故事', 1490686634, 2, 0, 0, 1),(66621262012616704, 1461312703628858832, '油菜花', '/static/uploadfile/2017-3/28/73434f8343c3780b5e8af114e8825b9c.jpg', '', '我想知道相片背后的故事', 1490686634, 4, 1, 0, 1);
UNLOCK TABLES;
COMMIT;
BEGIN;
LOCK TABLES `aiopms`.`pms_albums_comment` WRITE;
DELETE FROM `aiopms`.`pms_albums_comment`;
INSERT INTO `aiopms`.`pms_albums_comment` (`comtid`,`userid`,`albumid`,`content`,`created`,`status`) VALUES (66639445419364352, 1461312703628858832, 66621262012616704, 'LIFE BT', 1490690969, 1);
UNLOCK TABLES;
COMMIT;
BEGIN;
LOCK TABLES `aiopms`.`pms_albums_laud` WRITE;
DELETE FROM `aiopms`.`pms_albums_laud`;
UNLOCK TABLES;
COMMIT;
BEGIN;
LOCK TABLES `aiopms`.`pms_departs` WRITE;
DELETE FROM `aiopms`.`pms_departs`;
INSERT INTO `aiopms`.`pms_departs` (`departid`,`name`,`desc`,`status`) VALUES (1462290164626094232, '售后服务部', '', 1),(1462290199274575028, '市场部', '商务组', 1),(1462290127694985332, '研发部', '研发部，GO组，PHP组，UI组', 1),(1462290228639093428, 'PMO', '', 1);
UNLOCK TABLES;
COMMIT;
BEGIN;
LOCK TABLES `aiopms`.`pms_groups` WRITE;
DELETE FROM `aiopms`.`pms_groups`;
INSERT INTO `aiopms`.`pms_groups` (`groupid`,`name`,`summary`,`created`,`changed`) VALUES (37623600177483776, '测试组', '项目功能测试，白盒黑盒测试', 1483773053, 1483773321),(1468755197309162133, '其他', '普通员工', 1474866966, 1474866966),(1468755197309162134, '产品', '产品经理', 1474866966, 1474866966),(1468755197309162135, '研发', '技术人员', 1474866966, 1474866966),(1468755197309162136, '高层管理', '公司高层', 1474866966, 1474866966),(1468755197309162137, '管理员', '系统管理员', 1474866966, 1474866966);
UNLOCK TABLES;
COMMIT;
BEGIN;
LOCK TABLES `aiopms`.`pms_groups_permission` WRITE;
DELETE FROM `aiopms`.`pms_groups_permission`;
INSERT INTO `aiopms`.`pms_groups_permission` (`id`,`groupid`,`permissionid`) VALUES (64082362622808064, 1468755197309162133, 41980651519348736),(64082362723471360, 1468755197309162133, 41980770788577280),(64082362874466304, 1468755197309162133, 42334265874059264),(64082362975129600, 1468755197309162133, 42334379363536896),(64082363075792896, 1468755197309162133, 42334463782293504),(64082363176456192, 1468755197309162133, 42334539376234496),(64082363277119488, 1468755197309162133, 42334628953985024),(64082363428114432, 1468755197309162133, 42334838946009088),(64082363528777728, 1468755197309162133, 42334976082972672),(64082363629441024, 1468755197309162133, 42335081259339776),(64082363730104320, 1468755197309162133, 42335209235943424),(64082363830767616, 1468755197309162133, 42335311539212288),(64082363931430912, 1468755197309162133, 42335402681438208),(64082364082425856, 1468755197309162133, 42335721133969408),(64082364183089152, 1468755197309162133, 42335817183531008),(64082364350861312, 1468755197309162133, 42335940605120512),(64082364535410688, 1468755197309162133, 42336024805773312),(64082364988395520, 1468755197309162133, 42336123501940736),(64082365089058816, 1468755197309162133, 42336206301696000),(64082365189722112, 1468755197309162133, 42336271770587136),(64082365340717056, 1468755197309162133, 42336347972702208),(64082365441380352, 1468755197309162133, 42336433490366464),(64082365542043648, 1468755197309162133, 42336599123431424),(64082365642706944, 1468755197309162133, 42336697060429824),(64082365743370240, 1468755197309162133, 42336773992353792),(64082365844033536, 1468755197309162133, 42336853726072832),(64082365995028480, 1468755197309162133, 42336946441162752),(64082366095691776, 1468755197309162133, 42337029878452224),(64082366196355072, 1468755197309162133, 42337132236247040),(64082366297018368, 1468755197309162133, 42337204650905600),(64082366397681664, 1468755197309162133, 42337301711294464),(64082366481567744, 1468755197309162133, 42337378299285504),(64082366599008256, 1468755197309162133, 42337629286436864),(64082366699671552, 1468755197309162133, 42337745028255744),(64082366800334848, 1468755197309162133, 42337817904287744),(64082366900998144, 1468755197309162133, 42338384647032832),(64082367051993088, 1468755197309162133, 42338452590563328),(64082367202988032, 1468755197309162133, 42338538640904192),(64082367303651328, 1468755197309162133, 42338630085120000),(64082367404314624, 1468755197309162133, 42338743775924224),(64082367504977920, 1468755197309162133, 42356198170693632),(64082367605641216, 1468755197309162133, 42356266030338048),(64082362492784640, 1468755197309162133, 61562786651574272),(65091376714354688, 1468755197309162135, 42354812125188096),(65091376945041408, 1468755197309162135, 42354905771413504),(65091377121202176, 1468755197309162135, 42354988550197248),(65091377196699648, 1468755197309162135, 42355171505737728),(65091377272197120, 1468755197309162135, 42355325336031232),(65091377725181952, 1468755197309162135, 42355402511224832),(65091377800679424, 1468755197309162135, 42355510552301568),(65091377876176896, 1468755197309162135, 42355596724277248),(65091377976840192, 1468755197309162135, 42355693625282560),(65091378052337664, 1468755197309162135, 42355773019262976),(65091378127835136, 1468755197309162135, 42355862622179328),(65091378203332608, 1468755197309162135, 42355935212998656),(65091378278830080, 1468755197309162135, 42356020873269248),(65091378375299072, 1468755197309162135, 42356198170693632),(65091378454990848, 1468755197309162135, 42356266030338048),(65091378580819968, 1468755197309162135, 64059892574457856),(65091378656317440, 1468755197309162135, 64059999378214912),(65091378731814912, 1468755197309162135, 64060145163833344),(65091378807312384, 1468755197309162135, 64060216546693120),(65091378928947200, 1468755197309162135, 64060546483228672),(65091379008638976, 1468755197309162135, 64060742327865344),(65091379084136448, 1468755197309162135, 64060871856361472),(65091379159633920, 1468755197309162135, 64060949748781056),(65091379235131392, 1468755197309162135, 64061137204809728),(65091379310628864, 1468755197309162135, 64061220927311872),(65091379432263680, 1468755197309162135, 64061290498232320),(65091379511955456, 1468755197309162135, 64061357862948864),(65091061193641984, 1468755197309162136, 41969113630773248),(65091061344636928, 1468755197309162136, 41969192357859328),(65091061420134400, 1468755197309162136, 41969252499984384),(65091061520797696, 1468755197309162136, 41976726762295296),(65091061596295168, 1468755197309162136, 41976831846387712),(65091061696958464, 1468755197309162136, 41976904223297536),(65091061772455936, 1468755197309162136, 41977259501817856),(65091061847953408, 1468755197309162136, 41977400967303168),(65091061923450880, 1468755197309162136, 41977528792911872),(65091061998948352, 1468755197309162136, 41977654831747072),(65091062074445824, 1468755197309162136, 41977734154424320),(65091062149943296, 1468755197309162136, 41977922247987200),(65091062225440768, 1468755197309162136, 41978045921234944),(65091062351269888, 1468755197309162136, 41978134387494912),(65091062426767360, 1468755197309162136, 41978216994312192),(65091062502264832, 1468755197309162136, 41978289807429632),(65091062602928128, 1468755197309162136, 41978468690300928),(65091062678425600, 1468755197309162136, 41978566618910720),(65091062753923072, 1468755197309162136, 41978664295862272),(65091062829420544, 1468755197309162136, 41978754309820416),(65091062904918016, 1468755197309162136, 41978832399372288),(65091062980415488, 1468755197309162136, 41980651519348736),(65091063097856000, 1468755197309162136, 41980770788577280),(65091063181742080, 1468755197309162136, 42337629286436864),(65091063257239552, 1468755197309162136, 42337745028255744),(65091063332737024, 1468755197309162136, 42337817904287744),(65091063408234496, 1468755197309162136, 42338384647032832),(65091063483731968, 1468755197309162136, 42338452590563328),(65091063601172480, 1468755197309162136, 42338538640904192),(65091063685058560, 1468755197309162136, 42338630085120000),(65091063760556032, 1468755197309162136, 42338743775924224),(65091060962955264, 1468755197309162136, 61562786651574272),(65141224696188928, 1468755197309162137, 41969113630773248),(65141224826212352, 1468755197309162137, 41969192357859328),(65141224897515520, 1468755197309162137, 41969252499984384),(65141224977207296, 1468755197309162137, 41976726762295296),(65141225048510464, 1468755197309162137, 41976831846387712),(65141225128202240, 1468755197309162137, 41976904223297536),(65141225199505408, 1468755197309162137, 41977259501817856),(65141225400832000, 1468755197309162137, 41977400967303168),(65141225480523776, 1468755197309162137, 41977528792911872),(65141225551826944, 1468755197309162137, 41977654831747072),(65141225652490240, 1468755197309162137, 41977734154424320),(65141225732182016, 1468755197309162137, 41977922247987200),(65141225803485184, 1468755197309162137, 41978045921234944),(65141225883176960, 1468755197309162137, 41978134387494912),(65141225954480128, 1468755197309162137, 41978216994312192),(65141226034171904, 1468755197309162137, 41978289807429632),(65141226105475072, 1468755197309162137, 41978468690300928),(65141226185166848, 1468755197309162137, 41978566618910720),(65141226407464960, 1468755197309162137, 41978664295862272),(65141226508128256, 1468755197309162137, 41978754309820416),(65141226587820032, 1468755197309162137, 41978832399372288),(65141227745447936, 1468755197309162137, 41980651519348736),(65141227816751104, 1468755197309162137, 41980770788577280),(65141227896442880, 1468755197309162137, 42334265874059264),(65141227997106176, 1468755197309162137, 42334379363536896),(65141228068409344, 1468755197309162137, 42334463782293504),(65141228148101120, 1468755197309162137, 42334539376234496),(65141228219404288, 1468755197309162137, 42334628953985024),(65141228299096064, 1468755197309162137, 42334838946009088),(65141228370399232, 1468755197309162137, 42334976082972672),(65141228450091008, 1468755197309162137, 42335081259339776),(65141228521394176, 1468755197309162137, 42335209235943424),(65141228601085952, 1468755197309162137, 42335311539212288),(65141228672389120, 1468755197309162137, 42335402681438208),(65141228752080896, 1468755197309162137, 42335721133969408),(65141228852744192, 1468755197309162137, 42335817183531008),(65141228924047360, 1468755197309162137, 42335940605120512),(65141229003739136, 1468755197309162137, 42336024805773312),(65141229075042304, 1468755197309162137, 42336123501940736),(65141229154734080, 1468755197309162137, 42336206301696000),(65141229226037248, 1468755197309162137, 42336271770587136),(65141229305729024, 1468755197309162137, 42336347972702208),(65141229377032192, 1468755197309162137, 42336433490366464),(65141229658050560, 1468755197309162137, 42336599123431424),(65141229729353728, 1468755197309162137, 42336697060429824),(65141229809045504, 1468755197309162137, 42336773992353792),(65141229880348672, 1468755197309162137, 42336853726072832),(65141229960040448, 1468755197309162137, 42336946441162752),(65141230031343616, 1468755197309162137, 42337029878452224),(65141230111035392, 1468755197309162137, 42337132236247040),(65141230182338560, 1468755197309162137, 42337204650905600),(65141230262030336, 1468755197309162137, 42337301711294464),(65141230333333504, 1468755197309162137, 42337378299285504),(65141230413025280, 1468755197309162137, 42337629286436864),(65141230484328448, 1468755197309162137, 42337745028255744),(65141230564020224, 1468755197309162137, 42337817904287744),(65141230836649984, 1468755197309162137, 42338384647032832),(65141230916341760, 1468755197309162137, 42338452590563328),(65141230987644928, 1468755197309162137, 42338538640904192),(65141231067336704, 1468755197309162137, 42338630085120000),(65141231168000000, 1468755197309162137, 42338743775924224),(65141231318994944, 1468755197309162137, 42338936218980352),(65141231390298112, 1468755197309162137, 42339022474842112),(65141231469989888, 1468755197309162137, 42339129958076416),(65141231541293056, 1468755197309162137, 42339223352643584),(65141231620984832, 1468755197309162137, 42354812125188096),(65141231692288000, 1468755197309162137, 42354905771413504),(65141231771979776, 1468755197309162137, 42354988550197248),(65141231843282944, 1468755197309162137, 42355171505737728),(65141231922974720, 1468755197309162137, 42355325336031232),(65141231994277888, 1468755197309162137, 42355402511224832),(65141232073969664, 1468755197309162137, 42355510552301568),(65141232145272832, 1468755197309162137, 42355596724277248),(65141232224964608, 1468755197309162137, 42355693625282560),(65141232296267776, 1468755197309162137, 42355773019262976),(65141232375959552, 1468755197309162137, 42355862622179328),(65141232476622848, 1468755197309162137, 42355935212998656),(65141232547926016, 1468755197309162137, 42356020873269248),(65141232627617792, 1468755197309162137, 42356198170693632),(65141232698920960, 1468755197309162137, 42356266030338048),(65141224528416768, 1468755197309162137, 61562786651574272),(65141232778612736, 1468755197309162137, 64059892574457856),(65141232849915904, 1468755197309162137, 64059999378214912),(65141232929607680, 1468755197309162137, 64060145163833344),(65141233000910848, 1468755197309162137, 64060216546693120),(65141233080602624, 1468755197309162137, 64060546483228672),(65141233151905792, 1468755197309162137, 64060742327865344),(65141233231597568, 1468755197309162137, 64060871856361472),(65141233302900736, 1468755197309162137, 64060949748781056),(65141233382592512, 1468755197309162137, 64061137204809728),(65141233453895680, 1468755197309162137, 64061220927311872),(65141233533587456, 1468755197309162137, 64061290498232320),(65141233818800128, 1468755197309162137, 64061357862948864),(65141230635323392, 1468755197309162137, 64738735329120256),(65141226659123200, 1468755197309162137, 64739027659526144),(65141226738814976, 1468755197309162137, 64739308640145408),(65141226839478272, 1468755197309162137, 64739380002033664),(65141226990473216, 1468755197309162137, 64739571354570752),(65141227091136512, 1468755197309162137, 64739781774413824),(65141227162439680, 1468755197309162137, 64739963341639680),(65141227242131456, 1468755197309162137, 64740034804191232),(65141227313434624, 1468755197309162137, 64740129687736320),(65141227393126400, 1468755197309162137, 64740203201302528),(65141227464429568, 1468755197309162137, 64740359808225280),(65141227544121344, 1468755197309162137, 64809905348939776),(65141227615424512, 1468755197309162137, 64815327690625024),(65141230715015168, 1468755197309162137, 65140829198487552),(65141231239303168, 1468755197309162137, 65140900749119488);
UNLOCK TABLES;
COMMIT;
BEGIN;
LOCK TABLES `aiopms`.`pms_groups_user` WRITE;
DELETE FROM `aiopms`.`pms_groups_user`;
INSERT INTO `aiopms`.`pms_groups_user` (`id`,`groupid`,`userid`) VALUES (64082500007235584, 1468755197309162133, 1468140265954907628),(65088655424753664, 1468755197309162135, 1467191338628906628),(64067989481197568, 1468755197309162136, 1467191338628906628),(66642626870251520, 1468755197309162137, 65140463652311040),(145628815605895168, 1468755197309162137, 145628250368905216),(43355033198137344, 1468755197309162137, 1461312703628858832);
UNLOCK TABLES;
COMMIT;
BEGIN;
LOCK TABLES `aiopms`.`pms_knowledges` WRITE;
DELETE FROM `aiopms`.`pms_knowledges`;
UNLOCK TABLES;
COMMIT;
BEGIN;
LOCK TABLES `aiopms`.`pms_knowledges_comment` WRITE;
DELETE FROM `aiopms`.`pms_knowledges_comment`;
UNLOCK TABLES;
COMMIT;
BEGIN;
LOCK TABLES `aiopms`.`pms_knowledges_laud` WRITE;
DELETE FROM `aiopms`.`pms_knowledges_laud`;
UNLOCK TABLES;
COMMIT;
BEGIN;
LOCK TABLES `aiopms`.`pms_knowledges_sort` WRITE;
DELETE FROM `aiopms`.`pms_knowledges_sort`;
INSERT INTO `aiopms`.`pms_knowledges_sort` (`sortid`,`name`,`desc`,`status`) VALUES (1, '企业文化', NULL, 1),(2, '管理知识', NULL, 1),(3, 'PMO知识', NULL, 1),(4, '技术分享', NULL, 1),(5, '服务器', NULL, 1),(8, '随笔', NULL, 1);
UNLOCK TABLES;
COMMIT;
BEGIN;
LOCK TABLES `aiopms`.`pms_leaves` WRITE;
DELETE FROM `aiopms`.`pms_leaves`;
INSERT INTO `aiopms`.`pms_leaves` (`leaveid`,`userid`,`type`,`started`,`ended`,`days`,`reason`,`picture`,`result`,`status`,`approverids`,`created`,`changed`) VALUES (66618286464307200, 1461312703628858832, 1, 1490976000, 1490976000, 1, '出去走一走，很久没有出行了！', '', 0, 2, '1469024587469707428', 1490685925, 1490685925);
UNLOCK TABLES;
COMMIT;
BEGIN;
LOCK TABLES `aiopms`.`pms_messages` WRITE;
DELETE FROM `aiopms`.`pms_messages`;
INSERT INTO `aiopms`.`pms_messages` (`msgid`,`userid`,`touserid`,`type`,`subtype`,`title`,`url`,`view`,`created`) VALUES (66639445431947264, 1461312703628858832, 1461312703628858832, 1, 12, '油菜花', '/album/66621262012616704', 2, 1490690969);
UNLOCK TABLES;
COMMIT;
BEGIN;
LOCK TABLES `aiopms`.`pms_notices` WRITE;
DELETE FROM `aiopms`.`pms_notices`;
UNLOCK TABLES;
COMMIT;
BEGIN;
LOCK TABLES `aiopms`.`pms_permissions` WRITE;
DELETE FROM `aiopms`.`pms_permissions`;
INSERT INTO `aiopms`.`pms_permissions` (`permissionid`,`parentid`,`name`,`ename`,`icon`,`nav`,`type`,`weight`) VALUES (41965474417741824, 0, '我的主页', 'my', 'home', 1, 1, 99),(41969010140516352, 0, '项目管理', 'project', 'book', 1, 0, 0),(41969113630773248, 41969010140516352, '项目列表', 'project-manage', NULL, 0, 0, 0),(41969192357859328, 41969010140516352, '添加项目', 'project-add', NULL, 0, 0, 0),(41969252499984384, 41969010140516352, '编辑项目', 'project-edit', NULL, 0, 0, 0),(41976726762295296, 41969010140516352, '团队列表', 'project-team', NULL, 0, 0, 0),(41976831846387712, 41969010140516352, '添加团队', 'team-add', NULL, 0, 0, 0),(41976904223297536, 41969010140516352, '团队删除', 'team-delete', NULL, 0, 0, 0),(41977259501817856, 41969010140516352, '需求列表', 'project-need', NULL, 0, 0, 0),(41977400967303168, 41969010140516352, '添加需求', 'need-add', NULL, 0, 0, 0),(41977528792911872, 41969010140516352, '编辑需求', 'need-edit', NULL, 0, 0, 0),(41977654831747072, 41969010140516352, '删除需求', 'need-delete', NULL, 0, 0, 0),(41977734154424320, 41969010140516352, '需求查看', 'need-view', NULL, 0, 0, 0),(41977922247987200, 41969010140516352, '任务列表', 'project-task', NULL, 0, 0, 0),(41978045921234944, 41969010140516352, '添加任务', 'task-add', NULL, 0, 0, 0),(41978134387494912, 41969010140516352, '编辑任务', 'task-edit', NULL, 0, 0, 0),(41978216994312192, 41969010140516352, '任务删除', 'task-delete', NULL, 0, 0, 0),(41978289807429632, 41969010140516352, '任务查看', 'task-view', NULL, 0, 0, 0),(41978468690300928, 41969010140516352, 'Bug列表', 'project-test', NULL, 0, 0, 0),(41978566618910720, 41969010140516352, '提Bug', 'test-add', NULL, 0, 0, 0),(41978664295862272, 41969010140516352, '编辑Bug', 'test-edit', NULL, 0, 0, 0),(41978754309820416, 41969010140516352, 'Bug查看', 'test-view', NULL, 0, 0, 0),(42337482720677888, 0, '知识分享', 'knowledge', 'tasks', 1, 0, 0),(42337629286436864, 42337482720677888, '知识列表', 'knowledge-manage', NULL, 0, 0, 0),(42337745028255744, 42337482720677888, '发布知识', 'knowledge-add', NULL, 0, 0, 0),(42337817904287744, 42337482720677888, '编辑知识', 'knowledge-edit', NULL, 0, 0, 0),(42338272126439424, 0, '用户相册', 'album', 'plane', 1, 0, 0),(42338384647032832, 42338272126439424, '相册列表', 'album-manage', NULL, 0, 0, 0),(42338452590563328, 42338272126439424, '上传相片', 'album-upload', NULL, 0, 0, 0),(42338538640904192, 42338272126439424, '编辑相片', 'album-edit', NULL, 0, 0, 0),(42338630085120000, 42338272126439424, '查看相册', 'album-view', NULL, 0, 0, 0),(42338743775924224, 42338272126439424, '相册删除', 'album-delete', NULL, 0, 0, 0),(42354722958479360, 0, '用户管理', 'user', 'user', 1, 0, 0),(42354812125188096, 42354722958479360, '用户列表', 'user-manage', NULL, 1, 0, 0),(42354905771413504, 42354722958479360, '添加用户', 'user-add', NULL, 0, 0, 0),(42354988550197248, 42354722958479360, '编辑用户', 'user-edit', NULL, 0, 0, 0),(42355171505737728, 42354722958479360, '组列表', 'department-manage', NULL, 1, 0, 0),(42355325336031232, 42354722958479360, '添加组', 'department-add', NULL, 0, 0, 0),(42355402511224832, 42354722958479360, '编辑组', 'department-edit', NULL, 0, 0, 0),(42355510552301568, 42354722958479360, '职称列表', 'position-manage', NULL, 1, 0, 0),(42355596724277248, 42354722958479360, '添加职称', 'position-add', NULL, 0, 0, 0),(42355693625282560, 42354722958479360, '编辑职称', 'position-edit', NULL, 0, 0, 0),(42355773019262976, 42354722958479360, '公告列表', 'notice-manage', NULL, 1, 0, 0),(42355862622179328, 42354722958479360, '添加公告', 'notice-add', NULL, 0, 0, 0),(42355935212998656, 42354722958479360, '编辑公告', 'notice-edit', NULL, 0, 0, 0),(42356020873269248, 42354722958479360, '删除公告', 'notice-delete', NULL, 0, 0, 0),(42356198170693632, 42354722958479360, '消息列表', 'message-manage', NULL, 0, 0, 0),(42356266030338048, 42354722958479360, '删除消息', 'message-delete', NULL, 0, 0, 0),(61562786651574272, 41965474417741824, '查看主页', 'my-view', NULL, 0, 0, 0),(64059892574457856, 42354722958479360, '组管理', 'group-manage', '', 0, 0, 0),(64059999378214912, 42354722958479360, '添加组', 'group-add', '', 0, 0, 0),(64060145163833344, 42354722958479360, '编辑组', 'group-edit', '', 0, 0, 0),(64060216546693120, 42354722958479360, '删除组', 'group-delete', '', 0, 0, 0),(64060546483228672, 42354722958479360, '组权限', 'group-permission', '', 0, 0, 0),(64060742327865344, 42354722958479360, '组成员', 'group-user', '', 0, 0, 0),(64060871856361472, 42354722958479360, '添加组成员', 'group-user-add', '', 0, 0, 0),(64060949748781056, 42354722958479360, '删除组成员', 'group-user-delete', '', 0, 0, 0),(64061137204809728, 42354722958479360, '权限管理', 'permission-manage', '', 0, 0, 0),(64061220927311872, 42354722958479360, '添加权限', 'permission-add', '', 0, 0, 0),(64061290498232320, 42354722958479360, '编辑权限', 'permission-edit', '', 0, 0, 0),(64061357862948864, 42354722958479360, '删除权限', 'permission-delete', '', 0, 0, 0),(64738735329120256, 42337482720677888, '知识删除', 'knowledge-delete', '', 0, 0, 0),(64739027659526144, 41969010140516352, '文档列表', 'project-doc', '', 0, 0, 0),(64739308640145408, 41969010140516352, '文档编辑', 'doc-edit', '', 0, 0, 0),(64739380002033664, 41969010140516352, '文档添加', 'doc-add', '', 0, 0, 0),(64739571354570752, 41969010140516352, '文档删除', 'doc-delete', '', 0, 0, 0),(64739781774413824, 41969010140516352, '文档查看', 'doc-view', '', 0, 0, 0),(64739963341639680, 41969010140516352, '版本列表', 'project-version', '', 0, 0, 0),(64740034804191232, 41969010140516352, '版本编辑', 'version-edit', '', 0, 0, 0),(64740129687736320, 41969010140516352, '版本添加', 'version-add', '', 0, 0, 0),(64740203201302528, 41969010140516352, '版本删除', 'version-delete', '', 0, 0, 0),(64740359808225280, 41969010140516352, '版本查看', 'version-view', '', 0, 0, 0),(64809905348939776, 41969010140516352, '批量添加任务', 'task-batch-add', '', 0, 0, 0),(64815327690625024, 41969010140516352, '任务克隆', 'task-clone', '', 0, 0, 0),(65140829198487552, 42337482720677888, '知识查看', 'knowledge-view', '', 0, 0, 0),(65140900749119488, 42338272126439424, '相册查看', 'album-view', '', 0, 0, 0);
UNLOCK TABLES;
COMMIT;
BEGIN;
LOCK TABLES `aiopms`.`pms_positions` WRITE;
DELETE FROM `aiopms`.`pms_positions`;
INSERT INTO `aiopms`.`pms_positions` (`positionid`,`name`,`desc`,`status`) VALUES (1462292006260420932, '管理员', '项目管理发起人', 1),(1462292041515367932, '一级用户', '负责项目事物', 1),(1462292053049130632, '二级用户', '小组主管', 1),(1462292065226423828, '三级用户', '小组领队', 1),(1462292078258175728, '员工', '公司员工', 1);
UNLOCK TABLES;
COMMIT;
BEGIN;
LOCK TABLES `aiopms`.`pms_projects` WRITE;
DELETE FROM `aiopms`.`pms_projects`;
INSERT INTO `aiopms`.`pms_projects` (`projectid`,`userid`,`name`,`aliasname`,`started`,`ended`,`desc`,`created`,`status`,`projuserid`,`produserid`,`testuserid`,`publuserid`) VALUES (145624225305071616, 1461312703628858832, 'openAPI', 'openAPI', 1509465600, 1509465600, 'openAPI', 1509522408, 1, 1461312703628858832, 0, 0, 0);
UNLOCK TABLES;
COMMIT;
BEGIN;
LOCK TABLES `aiopms`.`pms_projects_doc` WRITE;
DELETE FROM `aiopms`.`pms_projects_doc`;
INSERT INTO `aiopms`.`pms_projects_doc` (`docid`,`projectid`,`userid`,`title`,`keyword`,`sort`,`content`,`url`,`attachment`,`created`,`changed`) VALUES (66566140419117056, 66562760133054464, 1461312703628858832, 'PDF版思维导图', '', 1, '相关人员可以查看PDF思维导图', '', '/static/uploadfile/2017-3/28/0.jpg', 1490673492, 1490673492);
UNLOCK TABLES;
COMMIT;
BEGIN;
LOCK TABLES `aiopms`.`pms_projects_needs` WRITE;
DELETE FROM `aiopms`.`pms_projects_needs`;
INSERT INTO `aiopms`.`pms_projects_needs` (`needsid`,`projectid`,`userid`,`name`,`desc`,`acceptid`,`source`,`acceptance`,`level`,`tasktime`,`attachment`,`created`,`changed`,`stage`,`status`) VALUES (66563530584756224, 66562760133054464, 1461312703628858832, '出思维导图', '出整个项目的思维导图，与需求方确认', 1467191338628906628, 3, '', 1, 8, '', 1490672870, 0, 3, 2),(66563749770694656, 66562760133054464, 1461312703628858832, '用户相关模块', '用户登录，注册，忘记密码，手机验证码等', 1467191338628906628, 3, '', 2, 5, '', 1490672922, 0, 3, 2),(66563918947946496, 66562760133054464, 1461312703628858832, '项目管理', '项目管理流程，团队，需求，任务，测试，版本，文档', 1467191338628906628, 4, '', 2, 6, '', 1490672962, 0, 3, 2),(145639837142093824, 145624225305071616, 1461312703628858832, 'openAPI', 'openAPI', 1461312703628858832, 2, '打通数据接口', 2, 20, '', 1509526131, 0, 2, 2);
UNLOCK TABLES;
COMMIT;
BEGIN;
LOCK TABLES `aiopms`.`pms_projects_task` WRITE;
DELETE FROM `aiopms`.`pms_projects_task`;
INSERT INTO `aiopms`.`pms_projects_task` (`taskid`,`needsid`,`userid`,`projectid`,`acceptid`,`ccid`,`completeid`,`name`,`desc`,`note`,`type`,`level`,`tasktime`,`ended`,`started`,`attachment`,`created`,`changed`,`status`,`closeid`,`cancelid`) VALUES (66565030916657152, 66563530584756224, 1461312703628858832, 66562760133054464, 1467191338628906628, '', 0, '思维导图版本', '思维导图版本设计', '', 4, 1, 6, 0, 0, '', 1490673228, 0, 1, 0, 0),(66565031097012224, 66563530584756224, 1461312703628858832, 66562760133054464, 1467191338628906628, '', 0, '思维导图确认修订讨论', '', '', 4, 1, 5, 0, 0, '', 1490673228, 0, 1, 0, 0),(145640372427558912, 145639837142093824, 1461312703628858832, 145624225305071616, 1461312703628858832, '', 0, 'openAPI', 'OPENAPI', 'openAPI', 2, 2, 20, 1509465600, 1509465600, '', 1509526258, 0, 2, 0, 0),(66565031935873024, 66563918947946496, 1461312703628858832, 66562760133054464, 1468140265954907628, '', 0, 'Front - 项目管理', '', '', 6, 3, 4, 0, 0, '', 1490673228, 0, 1, 0, 0),(66565032053313536, 66563918947946496, 1461312703628858832, 66562760133054464, 1468140265954907628, '', 0, 'Front - 发布项目', '', '', 6, 3, 5, 0, 0, '', 1490673228, 0, 1, 0, 0),(66565032137199616, 66563918947946496, 1461312703628858832, 66562760133054464, 1468140265954907628, '', 0, 'Front - 项目详情', '', '', 6, 3, 2, 0, 0, '', 1490673228, 0, 1, 0, 0),(66565032304971776, 66563918947946496, 1461312703628858832, 66562760133054464, 1468140265954907628, '', 0, '后端 - 项目管理开发', '', '', 2, 3, 2, 0, 0, '', 1490673228, 0, 1, 0, 0),(66565032388857856, 66563918947946496, 1461312703628858832, 66562760133054464, 1468140265954907628, '', 0, '后端 - 项目管理添加编辑', '', '', 2, 3, 8, 0, 0, '', 1490673228, 0, 1, 0, 0);
UNLOCK TABLES;
COMMIT;
BEGIN;
LOCK TABLES `aiopms`.`pms_projects_task_log` WRITE;
DELETE FROM `aiopms`.`pms_projects_task_log`;
INSERT INTO `aiopms`.`pms_projects_task_log` (`id`,`taskid`,`userid`,`note`,`created`) VALUES (66565030920851456, 66565030916657152, 1461312703628858832, '李白创建了任务', 1490673228),(66565031109595136, 66565031097012224, 1461312703628858832, '李白创建了任务', 1490673228),(66565031713574912, 66565031700992000, 1461312703628858832, '李白创建了任务', 1490673228),(66565031864569856, 66565031851986944, 1461312703628858832, '李白创建了任务', 1490673228),(66565031948455936, 66565031935873024, 1461312703628858832, '李白创建了任务', 1490673228),(66565032065896448, 66565032053313536, 1461312703628858832, '李白创建了任务', 1490673228),(66565032149782528, 66565032137199616, 1461312703628858832, '李白创建了任务', 1490673228),(66565032317554688, 66565032304971776, 1461312703628858832, '李白创建了任务', 1490673228),(66565032401440768, 66565032388857856, 1461312703628858832, '李白创建了任务', 1490673228),(145624100566470656, 66565031700992000, 1461312703628858832, 'admin更改任务状态为已完成', 1509522379),(145640372444336128, 145640372427558912, 1461312703628858832, 'admin创建了任务', 1509526258),(145640516287991808, 145640372427558912, 1461312703628858832, 'admin指派给admin。', 1509526292),(145640550853251072, 145640372427558912, 1461312703628858832, 'admin更改任务状态为进行中', 1509526301);
UNLOCK TABLES;
COMMIT;
BEGIN;
LOCK TABLES `aiopms`.`pms_projects_team` WRITE;
DELETE FROM `aiopms`.`pms_projects_team`;
INSERT INTO `aiopms`.`pms_projects_team` (`id`,`projectid`,`userid`,`created`) VALUES (66562826440806400, 66562760133054464, 1461312703628858832, 1490672702),(66562882074054656, 66562760133054464, 1468140265954907628, 1490672715),(66562919290114048, 66562760133054464, 1467191338628906628, 1490672724),(145640657355018240, 145624225305071616, 145628250368905216, 1509526326);
UNLOCK TABLES;
COMMIT;
BEGIN;
LOCK TABLES `aiopms`.`pms_projects_test` WRITE;
DELETE FROM `aiopms`.`pms_projects_test`;
INSERT INTO `aiopms`.`pms_projects_test` (`testid`,`taskid`,`needsid`,`userid`,`projectid`,`acceptid`,`completeid`,`ccid`,`name`,`desc`,`level`,`os`,`browser`,`attachment`,`completed`,`created`,`changed`,`status`) VALUES (66565285141811200, 66565030916657152, 66563530584756224, 1461312703628858832, 66562760133054464, 1467191338628906628, 0, '', '思维导图打不开', '', 1, 'wp7', 'chrome', '', 0, 1490673288, 0, 0),(66565532245037056, 66565031201869824, 66563749770694656, 1461312703628858832, 66562760133054464, 1468140265954907628, 0, '', '用户登录设计缺少登录按钮', '用户登录设计缺少登录按钮，无法登录', 2, '', '', '', 0, 1490673347, 0, 0);
UNLOCK TABLES;
COMMIT;
BEGIN;
LOCK TABLES `aiopms`.`pms_projects_test_log` WRITE;
DELETE FROM `aiopms`.`pms_projects_test_log`;
INSERT INTO `aiopms`.`pms_projects_test_log` (`id`,`testid`,`userid`,`note`,`created`) VALUES (66565285150199808, 66565285141811200, 1461312703628858832, '李白创建了测试', 1490673288),(66565532249231360, 66565532245037056, 1461312703628858832, '李白创建了测试', 1490673347);
UNLOCK TABLES;
COMMIT;
BEGIN;
LOCK TABLES `aiopms`.`pms_projects_version` WRITE;
DELETE FROM `aiopms`.`pms_projects_version`;
UNLOCK TABLES;
COMMIT;
BEGIN;
LOCK TABLES `aiopms`.`pms_users` WRITE;
DELETE FROM `aiopms`.`pms_users`;
INSERT INTO `aiopms`.`pms_users` (`userid`,`profile_id`,`username`,`password`,`avatar`,`status`) VALUES (65140463652311040, 65140463652311040, 'lock', '971b6101cfb78b2a161914f955011a62', '/static/img/avatar/1.jpg', 1),(145628250368905216, 145628250368905216, 'demo', 'fe01ce2a7fbac8fafaed7c982a04e229', '/static/img/avatar/1.jpg', 1),(1461312703628858832, 1461312703628858832, 'admin', '21232f297a57a5a743894a0e4a801fc3', '/static/uploadfile/2017-11/1/05d5a333a17764178f8e2d4ae5efcc2c-cropper.jpg', 1),(1469024587469707428, 1469024587469707428, 'xiaoxin', '971b6101cfb78b2a161914f955011a62', '/static/img/avatar/1.jpg', 1);
UNLOCK TABLES;
COMMIT;
BEGIN;
LOCK TABLES `aiopms`.`pms_users_permissions` WRITE;
DELETE FROM `aiopms`.`pms_users_permissions`;
UNLOCK TABLES;
COMMIT;
BEGIN;
LOCK TABLES `aiopms`.`pms_users_profile` WRITE;
DELETE FROM `aiopms`.`pms_users_profile`;
INSERT INTO `aiopms`.`pms_users_profile` (`userid`,`realname`,`sex`,`birth`,`email`,`webchat`,`qq`,`phone`,`tel`,`address`,`emercontact`,`emerphone`,`departid`,`positionid`,`lognum`,`ip`,`lasted`) VALUES (65140463652311040, 'lock', 1, '1993-03-06', 'lock888@tom.com', '', '', '13524612512', '', '', 'lock', '13524396382', 1462290127694985332, 1462292065226423828, 0, '', 0),(145628250368905216, 'demo', 1, '1990-11-02', 'cto@jd.com', '', '', '17744332732', '', '', 'df', '17744332732', 1462290164626094232, 1462292006260420932, 2, '127.0.0.1', 1509523521),(1461312703628858832, 'admin', 1, '1990-12-08', 'test@163.com', 'milu365', '49732343', '13754396432', '021-3432423', '九新公路华西办公楼7楼', 'zfancy', '137245613126', 1462290127694985332, 1462292041515367932, 1, '', 1509523546),(1467191338628906628, '张三', 1, '1985-12-12', 'test@test.com', 'zs-milu365', '903561702', '13524512531', '021-84122521', '九新公路', 'lock', '135245132623', 1462290199274575028, 1462292041515367932, 0, '', 0),(1468140265954907628, '李四', 1, '1994-08-11', 'cto@nahehuo.com', 'zs-milu365', '903561702', '13524396586', '021-84122521', '九新公路华西办公楼', 'lock', '135245132623', 1462290127694985332, 1462292053049130632, 0, '', 0),(1469024587469707428, '李浩', 1, '1997-09-06', 'test@test.com', 'ls-milu365', '903561702', '13521234231', '021-84122521', '外滩一号', '李呀', '135245132623', 1462290228639093428, 1462292006260420932, 1, '', 1490691365);
UNLOCK TABLES;
COMMIT;
